,precision,recall,f1-score,support
BENIGN,0.9993663849622031,0.9991788013432463,0.9992725843494177,340965.0
Bot,0.7655786350148368,0.8745762711864407,0.8164556962025317,295.0
DDoS,0.9998437337222628,0.9995313476359092,0.999687516275194,19204.0
DoS GoldenEye,0.9986987638256344,0.9941709844559585,0.9964297306069458,1544.0
DoS Hulk,0.9986727451093542,0.9985863073771675,0.998629524372827,34661.0
DoS Slowhttptest,0.9879518072289156,0.9939393939393939,0.9909365558912386,825.0
DoS slowloris,0.9953970080552359,0.9953970080552359,0.9953970080552359,869.0
FTP-Patator,1.0,0.9991603694374476,0.999580008399832,1191.0
Heartbleed,1.0,1.0,1.0,1.0
Infiltration,1.0,1.0,1.0,5.0
PortScan,0.9934232573726541,0.9947567114093959,0.99408953722334,23840.0
SSH-Patator,1.0,1.0,1.0,885.0
Web Attack - Brute Force,0.7633928571428571,0.7566371681415929,0.76,226.0
Web Attack - Sql Injection,0.6666666666666666,0.6666666666666666,0.6666666666666666,3.0
Web Attack - XSS,0.4411764705882353,0.45918367346938777,0.45,98.0
accuracy,0.9985210027036447,0.9985210027036447,0.9985210027036447,0.9985210027036447
macro avg,0.9073445553125904,0.9154523135411895,0.9111429885362152,424612.0
weighted avg,0.9985488490539862,0.9985210027036447,0.998532289902288,424612.0
